"Title","Link","Description","Angle Psychologique"
"Guide Complet : Le meilleur Précommande PS5 pour GTA 6 en 2026","https://gta6-pi-cyan.vercel.app/guides/precommande-gta6-ps5","Découvrez notre sélection ultime pour choisir votre Précommande PS5. Test complet, comparatif de prix et conseils d'achat pour jouer à GTA VI dans les meilleures conditions. #gta6ps5 #precommande #jeups5","SEO / Guide"
"Comparatif 2026 : Quel Précommande PS5 choisir pour GTA VI ?","https://gta6-pi-cyan.vercel.app/guides/precommande-gta6-ps5","Ne vous trompez pas ! Voici le grand comparatif définitif concernant : Précommande PS5. Lisez notre avis détaillé avant de passer commande. #gta6ps5 #precommande #jeups5","SEO / Comparatif"
"Avis & Test : Faut-il craquer pour ce Précommande PS5 ?","https://gta6-pi-cyan.vercel.app/guides/precommande-gta6-ps5","Notre review honnête sur le choix d'un(e) Précommande PS5 pour le lancement de GTA 6. Avantages, inconvénients et budget à prévoir. #gta6ps5 #precommande #jeups5","SEO / Review"
"Top 3 des meilleurs choix pour votre Précommande PS5","https://gta6-pi-cyan.vercel.app/guides/precommande-gta6-ps5","Notre classement mis à jour des meilleures options concernant : Précommande PS5. Idéal pour se préparer à la sortie de Vice City. #gta6ps5 #precommande #jeups5","SEO / Top"
"Tutoriel : Tout savoir sur votre Précommande PS5 avant GTA 6","https://gta6-pi-cyan.vercel.app/guides/precommande-gta6-ps5","L'article de référence pour comprendre comment bien choisir et optimiser son Précommande PS5. Cliquez pour lire le guide complet. #gta6ps5 #precommande #jeups5","SEO / Tuto"
"GTA 6 sur PS5 : La configuration recommandée par les experts","https://gta6-pi-cyan.vercel.app/guides/precommande-gta6-ps5","Pourquoi les joueurs pros recommandent ce Précommande PS5 ? Les détails techniques et l'analyse de rentabilité. #gta6ps5 #precommande #jeups5","SEO / Expert"
"Budget Précommande PS5 : Combien dépenser pour GTA 6 ?","https://gta6-pi-cyan.vercel.app/guides/precommande-gta6-ps5","Dossier spécial budget : découvrez combien il faut réellement investir dans un(e) Précommande PS5 pour jouer sans se ruiner. #gta6ps5 #precommande #jeups5","SEO / Budget"
"🤫 L'astuce cachée pour avoir votre Précommande PS5 beaucoup moins cher","https://gta6-pi-cyan.vercel.app/guides/precommande-gta6-ps5","Un secret bien gardé par les revendeurs pour faire baisser le prix de votre Précommande PS5. Lisez l'astuce avant qu'elle ne soit corrigée. #gta6ps5 #precommande #jeups5","Curiosité"
"⚠️ L'erreur fatale que 80% des joueurs font avec leur Précommande PS5","https://gta6-pi-cyan.vercel.app/guides/precommande-gta6-ps5","Avertissement crucial : ne gâchez pas votre expérience de jeu sur GTA 6. Vérifiez ce réglage lié à votre Précommande PS5 immédiatement. #gta6ps5 #precommande #jeups5","Alerte"
"🔥 ALERTE RUPTURE : Stock très faible pour GTA 6 sur PS5 !","https://gta6-pi-cyan.vercel.app/guides/precommande-gta6-ps5","Les stocks fondent ! Sécurisez votre Précommande PS5 dès aujourd'hui au meilleur prix garanti Amazon avant la pénurie générale. #gta6ps5 #precommande #jeups5","Urgence / Promo"
"Guide Complet : Le meilleur Précommande Xbox pour GTA 6 en 2026","https://gta6-pi-cyan.vercel.app/guides/precommande-gta6-xbox","Découvrez notre sélection ultime pour choisir votre Précommande Xbox. Test complet, comparatif de prix et conseils d'achat pour jouer à GTA VI dans les meilleures conditions. #gta6xbox #precommande #xboxseriesx","SEO / Guide"
"Comparatif 2026 : Quel Précommande Xbox choisir pour GTA VI ?","https://gta6-pi-cyan.vercel.app/guides/precommande-gta6-xbox","Ne vous trompez pas ! Voici le grand comparatif définitif concernant : Précommande Xbox. Lisez notre avis détaillé avant de passer commande. #gta6xbox #precommande #xboxseriesx","SEO / Comparatif"
"Avis & Test : Faut-il craquer pour ce Précommande Xbox ?","https://gta6-pi-cyan.vercel.app/guides/precommande-gta6-xbox","Notre review honnête sur le choix d'un(e) Précommande Xbox pour le lancement de GTA 6. Avantages, inconvénients et budget à prévoir. #gta6xbox #precommande #xboxseriesx","SEO / Review"
"Top 3 des meilleurs choix pour votre Précommande Xbox","https://gta6-pi-cyan.vercel.app/guides/precommande-gta6-xbox","Notre classement mis à jour des meilleures options concernant : Précommande Xbox. Idéal pour se préparer à la sortie de Vice City. #gta6xbox #precommande #xboxseriesx","SEO / Top"
"Tutoriel : Tout savoir sur votre Précommande Xbox avant GTA 6","https://gta6-pi-cyan.vercel.app/guides/precommande-gta6-xbox","L'article de référence pour comprendre comment bien choisir et optimiser son Précommande Xbox. Cliquez pour lire le guide complet. #gta6xbox #precommande #xboxseriesx","SEO / Tuto"
"GTA 6 sur Xbox Series : La configuration recommandée par les experts","https://gta6-pi-cyan.vercel.app/guides/precommande-gta6-xbox","Pourquoi les joueurs pros recommandent ce Précommande Xbox ? Les détails techniques et l'analyse de rentabilité. #gta6xbox #precommande #xboxseriesx","SEO / Expert"
"Budget Précommande Xbox : Combien dépenser pour GTA 6 ?","https://gta6-pi-cyan.vercel.app/guides/precommande-gta6-xbox","Dossier spécial budget : découvrez combien il faut réellement investir dans un(e) Précommande Xbox pour jouer sans se ruiner. #gta6xbox #precommande #xboxseriesx","SEO / Budget"
"🤫 L'astuce cachée pour avoir votre Précommande Xbox beaucoup moins cher","https://gta6-pi-cyan.vercel.app/guides/precommande-gta6-xbox","Un secret bien gardé par les revendeurs pour faire baisser le prix de votre Précommande Xbox. Lisez l'astuce avant qu'elle ne soit corrigée. #gta6xbox #precommande #xboxseriesx","Curiosité"
"⚠️ L'erreur fatale que 80% des joueurs font avec leur Précommande Xbox","https://gta6-pi-cyan.vercel.app/guides/precommande-gta6-xbox","Avertissement crucial : ne gâchez pas votre expérience de jeu sur GTA 6. Vérifiez ce réglage lié à votre Précommande Xbox immédiatement. #gta6xbox #precommande #xboxseriesx","Alerte"
"🔥 ALERTE RUPTURE : Stock très faible pour GTA 6 sur Xbox Series !","https://gta6-pi-cyan.vercel.app/guides/precommande-gta6-xbox","Les stocks fondent ! Sécurisez votre Précommande Xbox dès aujourd'hui au meilleur prix garanti Amazon avant la pénurie générale. #gta6xbox #precommande #xboxseriesx","Urgence / Promo"
"Guide Complet : Le meilleur Pack Console pour GTA 6 en 2026","https://gta6-pi-cyan.vercel.app/guides/meilleur-pack-ps5-gta6","Découvrez notre sélection ultime pour choisir votre Pack Console. Test complet, comparatif de prix et conseils d'achat pour jouer à GTA VI dans les meilleures conditions. #packps5gta6 #bundleps5 #consolegta6","SEO / Guide"
"Comparatif 2026 : Quel Pack Console choisir pour GTA VI ?","https://gta6-pi-cyan.vercel.app/guides/meilleur-pack-ps5-gta6","Ne vous trompez pas ! Voici le grand comparatif définitif concernant : Pack Console. Lisez notre avis détaillé avant de passer commande. #packps5gta6 #bundleps5 #consolegta6","SEO / Comparatif"
"Avis & Test : Faut-il craquer pour ce Pack Console ?","https://gta6-pi-cyan.vercel.app/guides/meilleur-pack-ps5-gta6","Notre review honnête sur le choix d'un(e) Pack Console pour le lancement de GTA 6. Avantages, inconvénients et budget à prévoir. #packps5gta6 #bundleps5 #consolegta6","SEO / Review"
"Top 3 des meilleurs choix pour votre Pack Console","https://gta6-pi-cyan.vercel.app/guides/meilleur-pack-ps5-gta6","Notre classement mis à jour des meilleures options concernant : Pack Console. Idéal pour se préparer à la sortie de Vice City. #packps5gta6 #bundleps5 #consolegta6","SEO / Top"
"Tutoriel : Tout savoir sur votre Pack Console avant GTA 6","https://gta6-pi-cyan.vercel.app/guides/meilleur-pack-ps5-gta6","L'article de référence pour comprendre comment bien choisir et optimiser son Pack Console. Cliquez pour lire le guide complet. #packps5gta6 #bundleps5 #consolegta6","SEO / Tuto"
"Pack PS5 + GTA 6 : La configuration recommandée par les experts","https://gta6-pi-cyan.vercel.app/guides/meilleur-pack-ps5-gta6","Pourquoi les joueurs pros recommandent ce Pack Console ? Les détails techniques et l'analyse de rentabilité. #packps5gta6 #bundleps5 #consolegta6","SEO / Expert"
"Budget Pack Console : Combien dépenser pour GTA 6 ?","https://gta6-pi-cyan.vercel.app/guides/meilleur-pack-ps5-gta6","Dossier spécial budget : découvrez combien il faut réellement investir dans un(e) Pack Console pour jouer sans se ruiner. #packps5gta6 #bundleps5 #consolegta6","SEO / Budget"
"🤫 L'astuce cachée pour avoir votre Pack Console beaucoup moins cher","https://gta6-pi-cyan.vercel.app/guides/meilleur-pack-ps5-gta6","Un secret bien gardé par les revendeurs pour faire baisser le prix de votre Pack Console. Lisez l'astuce avant qu'elle ne soit corrigée. #packps5gta6 #bundleps5 #consolegta6","Curiosité"
"⚠️ L'erreur fatale que 80% des joueurs font avec leur Pack Console","https://gta6-pi-cyan.vercel.app/guides/meilleur-pack-ps5-gta6","Avertissement crucial : ne gâchez pas votre expérience de jeu sur GTA 6. Vérifiez ce réglage lié à votre Pack Console immédiatement. #packps5gta6 #bundleps5 #consolegta6","Alerte"
"🔥 ALERTE RUPTURE : Stock très faible pour Pack PS5 + GTA 6 !","https://gta6-pi-cyan.vercel.app/guides/meilleur-pack-ps5-gta6","Les stocks fondent ! Sécurisez votre Pack Console dès aujourd'hui au meilleur prix garanti Amazon avant la pénurie générale. #packps5gta6 #bundleps5 #consolegta6","Urgence / Promo"
"Guide Complet : Le meilleur Stockage SSD pour GTA 6 en 2026","https://gta6-pi-cyan.vercel.app/guides/gta6-ssd-ps5-requis","Découvrez notre sélection ultime pour choisir votre Stockage SSD. Test complet, comparatif de prix et conseils d'achat pour jouer à GTA VI dans les meilleures conditions. #ssdps5 #stockagegta6 #disquedurps5","SEO / Guide"
"Comparatif 2026 : Quel Stockage SSD choisir pour GTA VI ?","https://gta6-pi-cyan.vercel.app/guides/gta6-ssd-ps5-requis","Ne vous trompez pas ! Voici le grand comparatif définitif concernant : Stockage SSD. Lisez notre avis détaillé avant de passer commande. #ssdps5 #stockagegta6 #disquedurps5","SEO / Comparatif"
"Avis & Test : Faut-il craquer pour ce Stockage SSD ?","https://gta6-pi-cyan.vercel.app/guides/gta6-ssd-ps5-requis","Notre review honnête sur le choix d'un(e) Stockage SSD pour le lancement de GTA 6. Avantages, inconvénients et budget à prévoir. #ssdps5 #stockagegta6 #disquedurps5","SEO / Review"
"Top 3 des meilleurs choix pour votre Stockage SSD","https://gta6-pi-cyan.vercel.app/guides/gta6-ssd-ps5-requis","Notre classement mis à jour des meilleures options concernant : Stockage SSD. Idéal pour se préparer à la sortie de Vice City. #ssdps5 #stockagegta6 #disquedurps5","SEO / Top"
"Tutoriel : Tout savoir sur votre Stockage SSD avant GTA 6","https://gta6-pi-cyan.vercel.app/guides/gta6-ssd-ps5-requis","L'article de référence pour comprendre comment bien choisir et optimiser son Stockage SSD. Cliquez pour lire le guide complet. #ssdps5 #stockagegta6 #disquedurps5","SEO / Tuto"
"SSD PS5 2To : La configuration recommandée par les experts","https://gta6-pi-cyan.vercel.app/guides/gta6-ssd-ps5-requis","Pourquoi les joueurs pros recommandent ce Stockage SSD ? Les détails techniques et l'analyse de rentabilité. #ssdps5 #stockagegta6 #disquedurps5","SEO / Expert"
"Budget Stockage SSD : Combien dépenser pour GTA 6 ?","https://gta6-pi-cyan.vercel.app/guides/gta6-ssd-ps5-requis","Dossier spécial budget : découvrez combien il faut réellement investir dans un(e) Stockage SSD pour jouer sans se ruiner. #ssdps5 #stockagegta6 #disquedurps5","SEO / Budget"
"🤫 L'astuce cachée pour avoir votre Stockage SSD beaucoup moins cher","https://gta6-pi-cyan.vercel.app/guides/gta6-ssd-ps5-requis","Un secret bien gardé par les revendeurs pour faire baisser le prix de votre Stockage SSD. Lisez l'astuce avant qu'elle ne soit corrigée. #ssdps5 #stockagegta6 #disquedurps5","Curiosité"
"⚠️ L'erreur fatale que 80% des joueurs font avec leur Stockage SSD","https://gta6-pi-cyan.vercel.app/guides/gta6-ssd-ps5-requis","Avertissement crucial : ne gâchez pas votre expérience de jeu sur GTA 6. Vérifiez ce réglage lié à votre Stockage SSD immédiatement. #ssdps5 #stockagegta6 #disquedurps5","Alerte"
"🔥 ALERTE RUPTURE : Stock très faible pour SSD PS5 2To !","https://gta6-pi-cyan.vercel.app/guides/gta6-ssd-ps5-requis","Les stocks fondent ! Sécurisez votre Stockage SSD dès aujourd'hui au meilleur prix garanti Amazon avant la pénurie générale. #ssdps5 #stockagegta6 #disquedurps5","Urgence / Promo"
"Guide Complet : Le meilleur PS5 Pro vs Slim pour GTA 6 en 2026","https://gta6-pi-cyan.vercel.app/guides/ps5-pro-vs-ps5-slim-gta6","Découvrez notre sélection ultime pour choisir votre PS5 Pro vs Slim. Test complet, comparatif de prix et conseils d'achat pour jouer à GTA VI dans les meilleures conditions. #ps5pro #ps5slim #comparatifps5gta6","SEO / Guide"
"Comparatif 2026 : Quel PS5 Pro vs Slim choisir pour GTA VI ?","https://gta6-pi-cyan.vercel.app/guides/ps5-pro-vs-ps5-slim-gta6","Ne vous trompez pas ! Voici le grand comparatif définitif concernant : PS5 Pro vs Slim. Lisez notre avis détaillé avant de passer commande. #ps5pro #ps5slim #comparatifps5gta6","SEO / Comparatif"
"Avis & Test : Faut-il craquer pour ce PS5 Pro vs Slim ?","https://gta6-pi-cyan.vercel.app/guides/ps5-pro-vs-ps5-slim-gta6","Notre review honnête sur le choix d'un(e) PS5 Pro vs Slim pour le lancement de GTA 6. Avantages, inconvénients et budget à prévoir. #ps5pro #ps5slim #comparatifps5gta6","SEO / Review"
"Top 3 des meilleurs choix pour votre PS5 Pro vs Slim","https://gta6-pi-cyan.vercel.app/guides/ps5-pro-vs-ps5-slim-gta6","Notre classement mis à jour des meilleures options concernant : PS5 Pro vs Slim. Idéal pour se préparer à la sortie de Vice City. #ps5pro #ps5slim #comparatifps5gta6","SEO / Top"
"Tutoriel : Tout savoir sur votre PS5 Pro vs Slim avant GTA 6","https://gta6-pi-cyan.vercel.app/guides/ps5-pro-vs-ps5-slim-gta6","L'article de référence pour comprendre comment bien choisir et optimiser son PS5 Pro vs Slim. Cliquez pour lire le guide complet. #ps5pro #ps5slim #comparatifps5gta6","SEO / Tuto"
"PS5 Pro : La configuration recommandée par les experts","https://gta6-pi-cyan.vercel.app/guides/ps5-pro-vs-ps5-slim-gta6","Pourquoi les joueurs pros recommandent ce PS5 Pro vs Slim ? Les détails techniques et l'analyse de rentabilité. #ps5pro #ps5slim #comparatifps5gta6","SEO / Expert"
"Budget PS5 Pro vs Slim : Combien dépenser pour GTA 6 ?","https://gta6-pi-cyan.vercel.app/guides/ps5-pro-vs-ps5-slim-gta6","Dossier spécial budget : découvrez combien il faut réellement investir dans un(e) PS5 Pro vs Slim pour jouer sans se ruiner. #ps5pro #ps5slim #comparatifps5gta6","SEO / Budget"
"🤫 L'astuce cachée pour avoir votre PS5 Pro vs Slim beaucoup moins cher","https://gta6-pi-cyan.vercel.app/guides/ps5-pro-vs-ps5-slim-gta6","Un secret bien gardé par les revendeurs pour faire baisser le prix de votre PS5 Pro vs Slim. Lisez l'astuce avant qu'elle ne soit corrigée. #ps5pro #ps5slim #comparatifps5gta6","Curiosité"
"⚠️ L'erreur fatale que 80% des joueurs font avec leur PS5 Pro vs Slim","https://gta6-pi-cyan.vercel.app/guides/ps5-pro-vs-ps5-slim-gta6","Avertissement crucial : ne gâchez pas votre expérience de jeu sur GTA 6. Vérifiez ce réglage lié à votre PS5 Pro vs Slim immédiatement. #ps5pro #ps5slim #comparatifps5gta6","Alerte"
"🔥 ALERTE RUPTURE : Stock très faible pour PS5 Pro !","https://gta6-pi-cyan.vercel.app/guides/ps5-pro-vs-ps5-slim-gta6","Les stocks fondent ! Sécurisez votre PS5 Pro vs Slim dès aujourd'hui au meilleur prix garanti Amazon avant la pénurie générale. #ps5pro #ps5slim #comparatifps5gta6","Urgence / Promo"
"Guide Complet : Le meilleur Casque Audio pour GTA 6 en 2026","https://gta6-pi-cyan.vercel.app/guides/meilleur-casque-gta6","Découvrez notre sélection ultime pour choisir votre Casque Audio. Test complet, comparatif de prix et conseils d'achat pour jouer à GTA VI dans les meilleures conditions. #casquegta6 #casqueps5 #audio3d","SEO / Guide"
"Comparatif 2026 : Quel Casque Audio choisir pour GTA VI ?","https://gta6-pi-cyan.vercel.app/guides/meilleur-casque-gta6","Ne vous trompez pas ! Voici le grand comparatif définitif concernant : Casque Audio. Lisez notre avis détaillé avant de passer commande. #casquegta6 #casqueps5 #audio3d","SEO / Comparatif"
"Avis & Test : Faut-il craquer pour ce Casque Audio ?","https://gta6-pi-cyan.vercel.app/guides/meilleur-casque-gta6","Notre review honnête sur le choix d'un(e) Casque Audio pour le lancement de GTA 6. Avantages, inconvénients et budget à prévoir. #casquegta6 #casqueps5 #audio3d","SEO / Review"
"Top 3 des meilleurs choix pour votre Casque Audio","https://gta6-pi-cyan.vercel.app/guides/meilleur-casque-gta6","Notre classement mis à jour des meilleures options concernant : Casque Audio. Idéal pour se préparer à la sortie de Vice City. #casquegta6 #casqueps5 #audio3d","SEO / Top"
"Tutoriel : Tout savoir sur votre Casque Audio avant GTA 6","https://gta6-pi-cyan.vercel.app/guides/meilleur-casque-gta6","L'article de référence pour comprendre comment bien choisir et optimiser son Casque Audio. Cliquez pour lire le guide complet. #casquegta6 #casqueps5 #audio3d","SEO / Tuto"
"Casque Pulse Elite : La configuration recommandée par les experts","https://gta6-pi-cyan.vercel.app/guides/meilleur-casque-gta6","Pourquoi les joueurs pros recommandent ce Casque Audio ? Les détails techniques et l'analyse de rentabilité. #casquegta6 #casqueps5 #audio3d","SEO / Expert"
"Budget Casque Audio : Combien dépenser pour GTA 6 ?","https://gta6-pi-cyan.vercel.app/guides/meilleur-casque-gta6","Dossier spécial budget : découvrez combien il faut réellement investir dans un(e) Casque Audio pour jouer sans se ruiner. #casquegta6 #casqueps5 #audio3d","SEO / Budget"
"🤫 L'astuce cachée pour avoir votre Casque Audio beaucoup moins cher","https://gta6-pi-cyan.vercel.app/guides/meilleur-casque-gta6","Un secret bien gardé par les revendeurs pour faire baisser le prix de votre Casque Audio. Lisez l'astuce avant qu'elle ne soit corrigée. #casquegta6 #casqueps5 #audio3d","Curiosité"
"⚠️ L'erreur fatale que 80% des joueurs font avec leur Casque Audio","https://gta6-pi-cyan.vercel.app/guides/meilleur-casque-gta6","Avertissement crucial : ne gâchez pas votre expérience de jeu sur GTA 6. Vérifiez ce réglage lié à votre Casque Audio immédiatement. #casquegta6 #casqueps5 #audio3d","Alerte"
"🔥 ALERTE RUPTURE : Stock très faible pour Casque Pulse Elite !","https://gta6-pi-cyan.vercel.app/guides/meilleur-casque-gta6","Les stocks fondent ! Sécurisez votre Casque Audio dès aujourd'hui au meilleur prix garanti Amazon avant la pénurie générale. #casquegta6 #casqueps5 #audio3d","Urgence / Promo"
"Guide Complet : Le meilleur Configuration PC pour GTA 6 en 2026","https://gta6-pi-cyan.vercel.app/guides/config-pc-gta6","Découvrez notre sélection ultime pour choisir votre Configuration PC. Test complet, comparatif de prix et conseils d'achat pour jouer à GTA VI dans les meilleures conditions. #configpcgta6 #pcgamer #rtx4070","SEO / Guide"
"Comparatif 2026 : Quel Configuration PC choisir pour GTA VI ?","https://gta6-pi-cyan.vercel.app/guides/config-pc-gta6","Ne vous trompez pas ! Voici le grand comparatif définitif concernant : Configuration PC. Lisez notre avis détaillé avant de passer commande. #configpcgta6 #pcgamer #rtx4070","SEO / Comparatif"
"Avis & Test : Faut-il craquer pour ce Configuration PC ?","https://gta6-pi-cyan.vercel.app/guides/config-pc-gta6","Notre review honnête sur le choix d'un(e) Configuration PC pour le lancement de GTA 6. Avantages, inconvénients et budget à prévoir. #configpcgta6 #pcgamer #rtx4070","SEO / Review"
"Top 3 des meilleurs choix pour votre Configuration PC","https://gta6-pi-cyan.vercel.app/guides/config-pc-gta6","Notre classement mis à jour des meilleures options concernant : Configuration PC. Idéal pour se préparer à la sortie de Vice City. #configpcgta6 #pcgamer #rtx4070","SEO / Top"
"Tutoriel : Tout savoir sur votre Configuration PC avant GTA 6","https://gta6-pi-cyan.vercel.app/guides/config-pc-gta6","L'article de référence pour comprendre comment bien choisir et optimiser son Configuration PC. Cliquez pour lire le guide complet. #configpcgta6 #pcgamer #rtx4070","SEO / Tuto"
"PC Gamer : La configuration recommandée par les experts","https://gta6-pi-cyan.vercel.app/guides/config-pc-gta6","Pourquoi les joueurs pros recommandent ce Configuration PC ? Les détails techniques et l'analyse de rentabilité. #configpcgta6 #pcgamer #rtx4070","SEO / Expert"
"Budget Configuration PC : Combien dépenser pour GTA 6 ?","https://gta6-pi-cyan.vercel.app/guides/config-pc-gta6","Dossier spécial budget : découvrez combien il faut réellement investir dans un(e) Configuration PC pour jouer sans se ruiner. #configpcgta6 #pcgamer #rtx4070","SEO / Budget"
"🤫 L'astuce cachée pour avoir votre Configuration PC beaucoup moins cher","https://gta6-pi-cyan.vercel.app/guides/config-pc-gta6","Un secret bien gardé par les revendeurs pour faire baisser le prix de votre Configuration PC. Lisez l'astuce avant qu'elle ne soit corrigée. #configpcgta6 #pcgamer #rtx4070","Curiosité"
"⚠️ L'erreur fatale que 80% des joueurs font avec leur Configuration PC","https://gta6-pi-cyan.vercel.app/guides/config-pc-gta6","Avertissement crucial : ne gâchez pas votre expérience de jeu sur GTA 6. Vérifiez ce réglage lié à votre Configuration PC immédiatement. #configpcgta6 #pcgamer #rtx4070","Alerte"
"🔥 ALERTE RUPTURE : Stock très faible pour PC Gamer !","https://gta6-pi-cyan.vercel.app/guides/config-pc-gta6","Les stocks fondent ! Sécurisez votre Configuration PC dès aujourd'hui au meilleur prix garanti Amazon avant la pénurie générale. #configpcgta6 #pcgamer #rtx4070","Urgence / Promo"
"Guide Complet : Le meilleur Accessoires PS5 pour GTA 6 en 2026","https://gta6-pi-cyan.vercel.app/guides/accessoires-indispensables-ps5","Découvrez notre sélection ultime pour choisir votre Accessoires PS5. Test complet, comparatif de prix et conseils d'achat pour jouer à GTA VI dans les meilleures conditions. #accessoiresps5 #manettegta6 #dualsenseedge","SEO / Guide"
"Comparatif 2026 : Quel Accessoires PS5 choisir pour GTA VI ?","https://gta6-pi-cyan.vercel.app/guides/accessoires-indispensables-ps5","Ne vous trompez pas ! Voici le grand comparatif définitif concernant : Accessoires PS5. Lisez notre avis détaillé avant de passer commande. #accessoiresps5 #manettegta6 #dualsenseedge","SEO / Comparatif"
"Avis & Test : Faut-il craquer pour ce Accessoires PS5 ?","https://gta6-pi-cyan.vercel.app/guides/accessoires-indispensables-ps5","Notre review honnête sur le choix d'un(e) Accessoires PS5 pour le lancement de GTA 6. Avantages, inconvénients et budget à prévoir. #accessoiresps5 #manettegta6 #dualsenseedge","SEO / Review"
"Top 3 des meilleurs choix pour votre Accessoires PS5","https://gta6-pi-cyan.vercel.app/guides/accessoires-indispensables-ps5","Notre classement mis à jour des meilleures options concernant : Accessoires PS5. Idéal pour se préparer à la sortie de Vice City. #accessoiresps5 #manettegta6 #dualsenseedge","SEO / Top"
"Tutoriel : Tout savoir sur votre Accessoires PS5 avant GTA 6","https://gta6-pi-cyan.vercel.app/guides/accessoires-indispensables-ps5","L'article de référence pour comprendre comment bien choisir et optimiser son Accessoires PS5. Cliquez pour lire le guide complet. #accessoiresps5 #manettegta6 #dualsenseedge","SEO / Tuto"
"Accessoires PS5 : La configuration recommandée par les experts","https://gta6-pi-cyan.vercel.app/guides/accessoires-indispensables-ps5","Pourquoi les joueurs pros recommandent ce Accessoires PS5 ? Les détails techniques et l'analyse de rentabilité. #accessoiresps5 #manettegta6 #dualsenseedge","SEO / Expert"
"Budget Accessoires PS5 : Combien dépenser pour GTA 6 ?","https://gta6-pi-cyan.vercel.app/guides/accessoires-indispensables-ps5","Dossier spécial budget : découvrez combien il faut réellement investir dans un(e) Accessoires PS5 pour jouer sans se ruiner. #accessoiresps5 #manettegta6 #dualsenseedge","SEO / Budget"
"🤫 L'astuce cachée pour avoir votre Accessoires PS5 beaucoup moins cher","https://gta6-pi-cyan.vercel.app/guides/accessoires-indispensables-ps5","Un secret bien gardé par les revendeurs pour faire baisser le prix de votre Accessoires PS5. Lisez l'astuce avant qu'elle ne soit corrigée. #accessoiresps5 #manettegta6 #dualsenseedge","Curiosité"
"⚠️ L'erreur fatale que 80% des joueurs font avec leur Accessoires PS5","https://gta6-pi-cyan.vercel.app/guides/accessoires-indispensables-ps5","Avertissement crucial : ne gâchez pas votre expérience de jeu sur GTA 6. Vérifiez ce réglage lié à votre Accessoires PS5 immédiatement. #accessoiresps5 #manettegta6 #dualsenseedge","Alerte"
"🔥 ALERTE RUPTURE : Stock très faible pour Accessoires PS5 !","https://gta6-pi-cyan.vercel.app/guides/accessoires-indispensables-ps5","Les stocks fondent ! Sécurisez votre Accessoires PS5 dès aujourd'hui au meilleur prix garanti Amazon avant la pénurie générale. #accessoiresps5 #manettegta6 #dualsenseedge","Urgence / Promo"
"Guide Complet : Le meilleur TV 4K Gaming pour GTA 6 en 2026","https://gta6-pi-cyan.vercel.app/guides/meilleure-tv-4k-gta6","Découvrez notre sélection ultime pour choisir votre TV 4K Gaming. Test complet, comparatif de prix et conseils d'achat pour jouer à GTA VI dans les meilleures conditions. #tv4kps5 #tvgta6 #hdmi2.1","SEO / Guide"
"Comparatif 2026 : Quel TV 4K Gaming choisir pour GTA VI ?","https://gta6-pi-cyan.vercel.app/guides/meilleure-tv-4k-gta6","Ne vous trompez pas ! Voici le grand comparatif définitif concernant : TV 4K Gaming. Lisez notre avis détaillé avant de passer commande. #tv4kps5 #tvgta6 #hdmi2.1","SEO / Comparatif"
"Avis & Test : Faut-il craquer pour ce TV 4K Gaming ?","https://gta6-pi-cyan.vercel.app/guides/meilleure-tv-4k-gta6","Notre review honnête sur le choix d'un(e) TV 4K Gaming pour le lancement de GTA 6. Avantages, inconvénients et budget à prévoir. #tv4kps5 #tvgta6 #hdmi2.1","SEO / Review"
"Top 3 des meilleurs choix pour votre TV 4K Gaming","https://gta6-pi-cyan.vercel.app/guides/meilleure-tv-4k-gta6","Notre classement mis à jour des meilleures options concernant : TV 4K Gaming. Idéal pour se préparer à la sortie de Vice City. #tv4kps5 #tvgta6 #hdmi2.1","SEO / Top"
"Tutoriel : Tout savoir sur votre TV 4K Gaming avant GTA 6","https://gta6-pi-cyan.vercel.app/guides/meilleure-tv-4k-gta6","L'article de référence pour comprendre comment bien choisir et optimiser son TV 4K Gaming. Cliquez pour lire le guide complet. #tv4kps5 #tvgta6 #hdmi2.1","SEO / Tuto"
"TV 4K HDMI 2.1 : La configuration recommandée par les experts","https://gta6-pi-cyan.vercel.app/guides/meilleure-tv-4k-gta6","Pourquoi les joueurs pros recommandent ce TV 4K Gaming ? Les détails techniques et l'analyse de rentabilité. #tv4kps5 #tvgta6 #hdmi2.1","SEO / Expert"
"Budget TV 4K Gaming : Combien dépenser pour GTA 6 ?","https://gta6-pi-cyan.vercel.app/guides/meilleure-tv-4k-gta6","Dossier spécial budget : découvrez combien il faut réellement investir dans un(e) TV 4K Gaming pour jouer sans se ruiner. #tv4kps5 #tvgta6 #hdmi2.1","SEO / Budget"
"🤫 L'astuce cachée pour avoir votre TV 4K Gaming beaucoup moins cher","https://gta6-pi-cyan.vercel.app/guides/meilleure-tv-4k-gta6","Un secret bien gardé par les revendeurs pour faire baisser le prix de votre TV 4K Gaming. Lisez l'astuce avant qu'elle ne soit corrigée. #tv4kps5 #tvgta6 #hdmi2.1","Curiosité"
"⚠️ L'erreur fatale que 80% des joueurs font avec leur TV 4K Gaming","https://gta6-pi-cyan.vercel.app/guides/meilleure-tv-4k-gta6","Avertissement crucial : ne gâchez pas votre expérience de jeu sur GTA 6. Vérifiez ce réglage lié à votre TV 4K Gaming immédiatement. #tv4kps5 #tvgta6 #hdmi2.1","Alerte"
"🔥 ALERTE RUPTURE : Stock très faible pour TV 4K HDMI 2.1 !","https://gta6-pi-cyan.vercel.app/guides/meilleure-tv-4k-gta6","Les stocks fondent ! Sécurisez votre TV 4K Gaming dès aujourd'hui au meilleur prix garanti Amazon avant la pénurie générale. #tv4kps5 #tvgta6 #hdmi2.1","Urgence / Promo"
"Guide Complet : Le meilleur Routeur / Réseau pour GTA 6 en 2026","https://gta6-pi-cyan.vercel.app/guides/gta-online-2-preparation","Découvrez notre sélection ultime pour choisir votre Routeur / Réseau. Test complet, comparatif de prix et conseils d'achat pour jouer à GTA VI dans les meilleures conditions. #routeurgaming #gtaonline2 #connexionps5","SEO / Guide"
"Comparatif 2026 : Quel Routeur / Réseau choisir pour GTA VI ?","https://gta6-pi-cyan.vercel.app/guides/gta-online-2-preparation","Ne vous trompez pas ! Voici le grand comparatif définitif concernant : Routeur / Réseau. Lisez notre avis détaillé avant de passer commande. #routeurgaming #gtaonline2 #connexionps5","SEO / Comparatif"
"Avis & Test : Faut-il craquer pour ce Routeur / Réseau ?","https://gta6-pi-cyan.vercel.app/guides/gta-online-2-preparation","Notre review honnête sur le choix d'un(e) Routeur / Réseau pour le lancement de GTA 6. Avantages, inconvénients et budget à prévoir. #routeurgaming #gtaonline2 #connexionps5","SEO / Review"
"Top 3 des meilleurs choix pour votre Routeur / Réseau","https://gta6-pi-cyan.vercel.app/guides/gta-online-2-preparation","Notre classement mis à jour des meilleures options concernant : Routeur / Réseau. Idéal pour se préparer à la sortie de Vice City. #routeurgaming #gtaonline2 #connexionps5","SEO / Top"
"Tutoriel : Tout savoir sur votre Routeur / Réseau avant GTA 6","https://gta6-pi-cyan.vercel.app/guides/gta-online-2-preparation","L'article de référence pour comprendre comment bien choisir et optimiser son Routeur / Réseau. Cliquez pour lire le guide complet. #routeurgaming #gtaonline2 #connexionps5","SEO / Tuto"
"Routeur Gaming : La configuration recommandée par les experts","https://gta6-pi-cyan.vercel.app/guides/gta-online-2-preparation","Pourquoi les joueurs pros recommandent ce Routeur / Réseau ? Les détails techniques et l'analyse de rentabilité. #routeurgaming #gtaonline2 #connexionps5","SEO / Expert"
"Budget Routeur / Réseau : Combien dépenser pour GTA 6 ?","https://gta6-pi-cyan.vercel.app/guides/gta-online-2-preparation","Dossier spécial budget : découvrez combien il faut réellement investir dans un(e) Routeur / Réseau pour jouer sans se ruiner. #routeurgaming #gtaonline2 #connexionps5","SEO / Budget"
"🤫 L'astuce cachée pour avoir votre Routeur / Réseau beaucoup moins cher","https://gta6-pi-cyan.vercel.app/guides/gta-online-2-preparation","Un secret bien gardé par les revendeurs pour faire baisser le prix de votre Routeur / Réseau. Lisez l'astuce avant qu'elle ne soit corrigée. #routeurgaming #gtaonline2 #connexionps5","Curiosité"
"⚠️ L'erreur fatale que 80% des joueurs font avec leur Routeur / Réseau","https://gta6-pi-cyan.vercel.app/guides/gta-online-2-preparation","Avertissement crucial : ne gâchez pas votre expérience de jeu sur GTA 6. Vérifiez ce réglage lié à votre Routeur / Réseau immédiatement. #routeurgaming #gtaonline2 #connexionps5","Alerte"
"🔥 ALERTE RUPTURE : Stock très faible pour Routeur Gaming !","https://gta6-pi-cyan.vercel.app/guides/gta-online-2-preparation","Les stocks fondent ! Sécurisez votre Routeur / Réseau dès aujourd'hui au meilleur prix garanti Amazon avant la pénurie générale. #routeurgaming #gtaonline2 #connexionps5","Urgence / Promo"
